"Description","URL"
"KT_AI","https://www.geoportal.ch/services/wms/ktai?SERVICE=WMS&REQUEST=GetCapabilities"
"KT_AR","https://www.geoportal.ch/services/wms/ktar?SERVICE=WMS&REQUEST=GetCapabilities"
"KT_AG","https://wms.geo.ag.ch/public/ows?SERVICE=WMS"
"KT_BL","https://tile.geoview.bl.ch/1.0.0/WMTSCapabilities.xml"
"KT_BL","http://geowms.bl.ch/?SERVICE=WMS&VERSION=1.3.0&REQUEST=GetCapabilities"
"KT_BS","https://wfs.geo.bs.ch/?SERVICE=WFS&REQUEST=GetCapabilities"
"KT_BS","https://wmts.geo.bs.ch/EPSG/3857/1.0.0/WMTSCapabilities.xml"
"KT_BS","https://wms.geo.bs.ch/?SERVICE=WMS&REQUEST=GetCapabilities"
"KT_BE","https://www.geoservice.apps.be.ch/geoservice3/services/a42geo/of_climatologymeteorologyatmosphere01_de_ms_wms/MapServer/WMSServer?&request=GetCapabilities&service=WMS"
"KT_BE","https://www.geoservice.apps.be.ch/geoservice3/services/a42geo/of_climatologymeteorologyatmosphere01_de_ms_wfs/MapServer/WFSServer?&request=GetCapabilities&service=WFS"
"KT_BE","https://www.geoservice.apps.be.ch/geoservice3/services/a42geo/of_climatologymeteorologyatmosphere02_de_ms_wms/MapServer/WMSServer?&request=GetCapabilities&service=WMS"
"KT_BE","https://www.geoservice.apps.be.ch/geoservice3/services/a42geo/of_climatologymeteorologyatmosphere02_de_ms_wfs/MapServer/WFSServer?&request=GetCapabilities&service=WFS"
"KT_BE","https://www.geoservice.apps.be.ch/geoservice3/services/a42geo/of_imagerybasemapsearthcover01_de_ms_wms/MapServer/WMSServer?&request=GetCapabilities&service=WMS"
"KT_BE","https://www.geoservice.apps.be.ch/geoservice3/services/a42geo/of_imagerybasemapsearthcover01_de_ms_wfs/MapServer/WFSServer?&request=GetCapabilities&service=WFS"
"KT_BE","https://www.geoservice.apps.be.ch/geoservice3/services/a42geo/of_society01_de_ms_wms/MapServer/WMSServer?&request=GetCapabilities&service=WMS"
"KT_BE","https://www.geoservice.apps.be.ch/geoservice3/services/a42geo/of_society01_de_ms_wfs/MapServer/WFSServer?&request=GetCapabilities&service=WFS"
"KT_BE","https://www.geoservice.apps.be.ch/geoservice3/services/a42geo/of_society02_de_ms_wms/MapServer/WMSServer?&request=GetCapabilities&service=WMS"
"KT_BE","https://www.geoservice.apps.be.ch/geoservice3/services/a42geo/of_society02_de_ms_wfs/MapServer/WFSServer?&request=GetCapabilities&service=WFS"
"KT_BE","https://www.geoservice.apps.be.ch/geoservice3/services/a42geo/of_society03_de_ms_wms/MapServer/WMSServer?&request=GetCapabilities&service=WMS"
"KT_BE","https://www.geoservice.apps.be.ch/geoservice3/services/a42geo/of_society03_de_ms_wfs/MapServer/WFSServer?&request=GetCapabilities&service=WFS"
"KT_BE","https://www.geoservice.apps.be.ch/geoservice3/services/a42geo/of_structure01_de_ms_wms/MapServer/WMSServer?&request=GetCapabilities&service=WMS"
"KT_BE","https://www.geoservice.apps.be.ch/geoservice3/services/a42geo/of_structure01_de_ms_wfs/MapServer/WFSServer?&request=GetCapabilities&service=WFS"
"KT_BE","https://www.geoservice.apps.be.ch/geoservice3/services/a42geo/of_geoscientificinformation01_de_ms_wms/MapServer/WMSServer?&request=GetCapabilities&service=WMS"
"KT_BE","https://www.geoservice.apps.be.ch/geoservice3/services/a42geo/of_geoscientificinformation01_de_ms_wfs/MapServer/WFSServer?&request=GetCapabilities&service=WFS"
"KT_BE","https://www.geoservice.apps.be.ch/geoservice3/services/a42geo/of_geoscientificinformation02_de_ms_wms/MapServer/WMSServer?&request=GetCapabilities&service=WMS"
"KT_BE","https://www.geoservice.apps.be.ch/geoservice3/services/a42geo/of_geoscientificinformation02_de_ms_wfs/MapServer/WFSServer?&request=GetCapabilities&service=WFS"
"KT_BE","https://www.geoservice.apps.be.ch/geoservice3/services/a42geo/of_geoscientificinformation03_de_ms_wms/MapServer/WMSServer?&request=GetCapabilities&service=WMS"
"KT_BE","https://www.geoservice.apps.be.ch/geoservice3/services/a42geo/of_geoscientificinformation03_de_ms_wfs/MapServer/WFSServer?&request=GetCapabilities&service=WFS"
"KT_BE","https://www.geoservice.apps.be.ch/geoservice3/services/a42geo/of_health01_de_ms_wms/MapServer/WMSServer?&request=GetCapabilities&service=WMS"
"KT_BE","https://www.geoservice.apps.be.ch/geoservice3/services/a42geo/of_health01_de_ms_wfs/MapServer/WFSServer?&request=GetCapabilities&service=WFS"
"KT_BE","https://www.geoservice.apps.be.ch/geoservice3/services/a42geo/of_inlandwaters01_de_ms_wms/MapServer/WMSServer?&request=GetCapabilities&service=WMS"
"KT_BE","https://www.geoservice.apps.be.ch/geoservice3/services/a42geo/of_inlandwaters01_de_ms_wfs/MapServer/WFSServer?&request=GetCapabilities&service=WFS"
"KT_BE","https://www.geoservice.apps.be.ch/geoservice3/services/a42geo/of_inlandwaters02_de_ms_wms/MapServer/WMSServer?&request=GetCapabilities&service=WMS"
"KT_BE","https://www.geoservice.apps.be.ch/geoservice3/services/a42geo/of_inlandwaters02_de_ms_wfs/MapServer/WFSServer?&request=GetCapabilities&service=WFS"
"KT_BE","https://www.geoservice.apps.be.ch/geoservice3/services/a42geo/of_inlandwaters03_de_ms_wms/MapServer/WMSServer?&request=GetCapabilities&service=WMS"
"KT_BE","https://www.geoservice.apps.be.ch/geoservice3/services/a42geo/of_inlandwaters03_de_ms_wfs/MapServer/WFSServer?&request=GetCapabilities&service=WFS"
"KT_BE","https://www.geoservice.apps.be.ch/geoservice3/services/a42geo/of_elevation01_de_ms_wms/MapServer/WMSServer?&request=GetCapabilities&service=WMS"
"KT_BE","https://www.geoservice.apps.be.ch/geoservice3/services/a42geo/of_elevation01_de_ms_wfs/MapServer/WFSServer?&request=GetCapabilities&service=WFS"
"KT_BE","https://www.geoservice.apps.be.ch/geoservice3/services/a42geo/of_farming01_de_ms_wms/MapServer/WMSServer?&request=GetCapabilities&service=WMS"
"KT_BE","https://www.geoservice.apps.be.ch/geoservice3/services/a42geo/of_farming01_de_ms_wfs/MapServer/WFSServer?&request=GetCapabilities&service=WFS"
"KT_BE","https://www.geoservice.apps.be.ch/geoservice3/services/a42geo/of_farming02_de_ms_wms/MapServer/WMSServer?&request=GetCapabilities&service=WMS"
"KT_BE","https://www.geoservice.apps.be.ch/geoservice3/services/a42geo/of_farming02_de_ms_wfs/MapServer/WFSServer?&request=GetCapabilities&service=WFS"
"KT_BE","https://www.geoservice.apps.be.ch/geoservice3/services/a42geo/of_farming03_de_ms_wms/MapServer/WMSServer?&request=GetCapabilities&service=WMS"
"KT_BE","https://www.geoservice.apps.be.ch/geoservice3/services/a42geo/of_farming03_de_ms_wfs/MapServer/WFSServer?&request=GetCapabilities&service=WFS"
"KT_BE","https://www.geoservice.apps.be.ch/geoservice3/services/a42geo/of_location01_de_ms_wms/MapServer/WMSServer?&request=GetCapabilities&service=WMS"
"KT_BE","https://www.geoservice.apps.be.ch/geoservice3/services/a42geo/of_location01_de_ms_wfs/MapServer/WFSServer?&request=GetCapabilities&service=WFS"
"KT_BE","https://www.geoservice.apps.be.ch/geoservice3/services/a42geo/of_boundaries01_de_ms_wms/MapServer/WMSServer?&request=GetCapabilities&service=WMS"
"KT_BE","https://www.geoservice.apps.be.ch/geoservice3/services/a42geo/of_boundaries01_de_ms_wfs/MapServer/WFSServer?&request=GetCapabilities&service=WFS"
"KT_BE","https://www.geoservice.apps.be.ch/geoservice3/services/a42geo/of_boundaries02_de_ms_wms/MapServer/WMSServer?&request=GetCapabilities&service=WMS"
"KT_BE","https://www.geoservice.apps.be.ch/geoservice3/services/a42geo/of_boundaries02_de_ms_wfs/MapServer/WFSServer?&request=GetCapabilities&service=WFS"
"KT_BE","https://www.geoservice.apps.be.ch/geoservice3/services/a42geo/of_boundaries03_de_ms_wms/MapServer/WMSServer?&request=GetCapabilities&service=WMS"
"KT_BE","https://www.geoservice.apps.be.ch/geoservice3/services/a42geo/of_boundaries03_de_ms_wfs/MapServer/WFSServer?&request=GetCapabilities&service=WFS"
"KT_BE","https://www.geoservice.apps.be.ch/geoservice3/services/a42geo/of_boundaries04_de_ms_wms/MapServer/WMSServer?&request=GetCapabilities&service=WMS"
"KT_BE","https://www.geoservice.apps.be.ch/geoservice3/services/a42geo/of_boundaries04_de_ms_wfs/MapServer/WFSServer?&request=GetCapabilities&service=WFS"
"KT_BE","https://www.geoservice.apps.be.ch/geoservice3/services/a42geo/of_boundaries05_de_ms_wms/MapServer/WMSServer?&request=GetCapabilities&service=WMS"
"KT_BE","https://www.geoservice.apps.be.ch/geoservice3/services/a42geo/of_boundaries05_de_ms_wfs/MapServer/WFSServer?&request=GetCapabilities&service=WFS"
"KT_BE","https://www.geoservice.apps.be.ch/geoservice3/services/a42geo/of_boundaries06_de_ms_wms/MapServer/WMSServer?&request=GetCapabilities&service=WMS"
"KT_BE","https://www.geoservice.apps.be.ch/geoservice3/services/a42geo/of_boundaries06_de_ms_wfs/MapServer/WFSServer?&request=GetCapabilities&service=WFS"
"KT_BE","https://www.geoservice.apps.be.ch/geoservice3/services/a42geo/of_planningcadastre01_de_ms_wms/MapServer/WMSServer?&request=GetCapabilities&service=WMS"
"KT_BE","https://www.geoservice.apps.be.ch/geoservice3/services/a42geo/of_planningcadastre01_de_ms_wfs/MapServer/WFSServer?&request=GetCapabilities&service=WFS"
"KT_BE","https://www.geoservice.apps.be.ch/geoservice3/services/a42geo/of_planningcadastre02_de_ms_wms/MapServer/WMSServer?&request=GetCapabilities&service=WMS"
"KT_BE","https://www.geoservice.apps.be.ch/geoservice3/services/a42geo/of_planningcadastre02_de_ms_wfs/MapServer/WFSServer?&request=GetCapabilities&service=WFS"
"KT_BE","https://www.geoservice.apps.be.ch/geoservice3/services/a42geo/of_planningcadastre03_de_ms_wms/MapServer/WMSServer?&request=GetCapabilities&service=WMS"
"KT_BE","https://www.geoservice.apps.be.ch/geoservice3/services/a42geo/of_planningcadastre03_de_ms_wfs/MapServer/WFSServer?&request=GetCapabilities&service=WFS"
"KT_BE","https://www.geoservice.apps.be.ch/geoservice3/services/a42geo/of_planningcadastre04_de_ms_wms/MapServer/WMSServer?&request=GetCapabilities&service=WMS"
"KT_BE","https://www.geoservice.apps.be.ch/geoservice3/services/a42geo/of_planningcadastre04_de_ms_wfs/MapServer/WFSServer?&request=GetCapabilities&service=WFS"
"KT_BE","https://www.geoservice.apps.be.ch/geoservice3/services/a42geo/of_planningcadastre05_de_ms_wms/MapServer/WMSServer?&request=GetCapabilities&service=WMS"
"KT_BE","https://www.geoservice.apps.be.ch/geoservice3/services/a42geo/of_planningcadastre05_de_ms_wfs/MapServer/WFSServer?&request=GetCapabilities&service=WFS"
"KT_BE","https://www.geoservice.apps.be.ch/geoservice3/services/a42geo/of_planningcadastre06_de_ms_wms/MapServer/WMSServer?&request=GetCapabilities&service=WMS"
"KT_BE","https://www.geoservice.apps.be.ch/geoservice3/services/a42geo/of_planningcadastre06_de_ms_wfs/MapServer/WFSServer?&request=GetCapabilities&service=WFS"
"KT_BE","https://www.geoservice.apps.be.ch/geoservice3/services/a42geo/of_planningcadastre07_de_ms_wms/MapServer/WMSServer?&request=GetCapabilities&service=WMS"
"KT_BE","https://www.geoservice.apps.be.ch/geoservice3/services/a42geo/of_planningcadastre07_de_ms_wfs/MapServer/WFSServer?&request=GetCapabilities&service=WFS"
"KT_BE","https://www.geoservice.apps.be.ch/geoservice3/services/a42geo/of_environment01_de_ms_wms/MapServer/WMSServer?&request=GetCapabilities&service=WMS"
"KT_BE","https://www.geoservice.apps.be.ch/geoservice3/services/a42geo/of_environment01_de_ms_wfs/MapServer/WFSServer?&request=GetCapabilities&service=WFS"
"KT_BE","https://www.geoservice.apps.be.ch/geoservice3/services/a42geo/of_environment02_de_ms_wms/MapServer/WMSServer?&request=GetCapabilities&service=WMS"
"KT_BE","https://www.geoservice.apps.be.ch/geoservice3/services/a42geo/of_environment02_de_ms_wfs/MapServer/WFSServer?&request=GetCapabilities&service=WFS"
"KT_BE","https://www.geoservice.apps.be.ch/geoservice3/services/a42geo/of_environment03_de_ms_wms/MapServer/WMSServer?&request=GetCapabilities&service=WMS"
"KT_BE","https://www.geoservice.apps.be.ch/geoservice3/services/a42geo/of_environment03_de_ms_wfs/MapServer/WFSServer?&request=GetCapabilities&service=WFS"
"KT_BE","https://www.geoservice.apps.be.ch/geoservice3/services/a42geo/of_transportation01_de_ms_wms/MapServer/WMSServer?&request=GetCapabilities&service=WMS"
"KT_BE","https://www.geoservice.apps.be.ch/geoservice3/services/a42geo/of_transportation01_de_ms_wfs/MapServer/WFSServer?&request=GetCapabilities&service=WFS"
"KT_BE","https://www.geoservice.apps.be.ch/geoservice3/services/a42geo/of_transportation02_de_ms_wms/MapServer/WMSServer?&request=GetCapabilities&service=WMS"
"KT_BE","https://www.geoservice.apps.be.ch/geoservice3/services/a42geo/of_transportation02_de_ms_wfs/MapServer/WFSServer?&request=GetCapabilities&service=WFS"
"KT_BE","https://www.geoservice.apps.be.ch/geoservice3/services/a42geo/of_utilitiescommunication01_de_ms_wms/MapServer/WMSServer?&request=GetCapabilities&service=WMS"
"KT_BE","https://www.geoservice.apps.be.ch/geoservice3/services/a42geo/of_utilitiescommunication01_de_ms_wfs/MapServer/WFSServer?&request=GetCapabilities&service=WFS"
"KT_BE","https://www.geoservice.apps.be.ch/geoservice3/services/a42geo/of_biota01_de_ms_wms/MapServer/WMSServer?&request=GetCapabilities&service=WMS"
"KT_BE","https://www.geoservice.apps.be.ch/geoservice3/services/a42geo/of_biota01_de_ms_wfs/MapServer/WFSServer?&request=GetCapabilities&service=WFS"
"KT_BE","https://www.geoservice.apps.be.ch/geoservice3/services/a42geo/of_economy01_de_ms_wms/MapServer/WMSServer?&request=GetCapabilities&service=WMS"
"KT_BE","https://www.geoservice.apps.be.ch/geoservice3/services/a42geo/of_economy01_de_ms_wfs/MapServer/WFSServer?&request=GetCapabilities&service=WFS"
"KT_GL","https://wms.geo.gl.ch/?SERVICE=WMS&VERSION=1.3.0&REQUEST=GetCapabilities"
"KT_GL","https://wfs.geo.gl.ch/?service=WFS&request=GetCapabilities"
"KT_GR","https://wms.geo.gr.ch/admineinteilung?service=WMS&request=GetCapabilities"
"KT_GR","https://wms.geo.gr.ch/regionen?service=WMS&request=GetCapabilities"
"KT_GR","https://wms.geo.gr.ch/basisinfo?service=WMS&request=GetCapabilities"
"KT_GR","https://wms.geo.gr.ch/basisplan?service=WMS&request=GetCapabilities"
"KT_GR","https://wms.geo.gr.ch/bienenseuchen?service=WMS&request=GetCapabilities"
"KT_GR","https://wms.geo.gr.ch/erdwaermenutzung?service=WMS&request=GetCapabilities"
"KT_GR","https://wms.geo.gr.ch/fruchtfolgeflaechen?service=WMS&request=GetCapabilities"
"KT_GR","https://wms.geo.gr.ch/gebaeudeinformation?service=WMS&request=GetCapabilities"
"KT_GR","https://wms.geo.gr.ch/geologie?service=WMS&request=GetCapabilities"
"KT_GR","https://wms.geo.gr.ch/geologische_karten?service=WMS&request=GetCapabilities"
"KT_GR","https://wms.geo.gr.ch/hydrogeologische_karten?service=WMS&request=GetCapabilities"
"KT_GR","https://wms.geo.gr.ch/jagdkarte?service=WMS&request=GetCapabilities"
"KT_GR","https://wms.geo.gr.ch/kantonalesstrassennetz?service=WMS&request=GetCapabilities"
"KT_GR","https://wms.geo.gr.ch/kstn_strassenentwaesserung?service=WMS&request=GetCapabilities"
"KT_GR","https://wms.geo.gr.ch/lw_bewirtschaftung?service=WMS&request=GetCapabilities"
"KT_GR","https://wms.geo.gr.ch/langsamverkehr?service=WMS&request=GetCapabilities"
"KT_GR","https://wms.geo.gr.ch/verbauungen?service=WMS&request=GetCapabilities"
"KT_GR","https://wms.geo.gr.ch/naturgefahrenkarte?service=WMS&request=GetCapabilities"
"KT_GR","https://wms.geo.gr.ch/nutzungsplanung?service=WMS&request=GetCapabilities"
"KT_GR","https://wms.geo.gr.ch/nutzungsplanung_kommunal?service=WMS&request=GetCapabilities"
"KT_GR","https://wms.geo.gr.ch/nutzungsplanungsstand?service=WMS&request=GetCapabilities"
"KT_GR","https://wms.geo.gr.ch/oberflaechengewaesser?service=WMS&request=GetCapabilities"
"KT_GR","https://wms.geo.gr.ch/pflanzen_pilzschutzgebiete?service=WMS&request=GetCapabilities"
"KT_GR","https://wms.geo.gr.ch/risikokataster?service=WMS&request=GetCapabilities"
"KT_GR","https://wms.geo.gr.ch/strassenlaermkataster?service=WMS&request=GetCapabilities"
"KT_GR","https://wms.geo.gr.ch/strassenlaermsanierungen?service=WMS&request=GetCapabilities"
"KT_GR","https://wms.geo.gr.ch/tektonische_karten?service=WMS&request=GetCapabilities"
"KT_GR","https://wms.geo.gr.ch/verkehrsmodell?service=WMS&request=GetCapabilities"
"KT_GR","https://wms.geo.gr.ch/walderschliessung?service=WMS&request=GetCapabilities"
"KT_GR","https://wms.geo.gr.ch/bauzonen_graubuenden?service=WMS&request=GetCapabilities"
"KT_GR","https://wms.geo.gr.ch/belastetestandorte?service=WMS&request=GetCapabilities"
"KT_GR","https://wms.geo.gr.ch/gewaesserschutz?service=WMS&request=GetCapabilities"
"KT_GR","https://wms.geo.gr.ch/grundwasser?service=WMS&request=GetCapabilities"
"KT_GR","https://wms.geo.gr.ch/historischekarten?service=WMS&request=GetCapabilities"
"KT_GR","https://wms.geo.gr.ch/naturgefahren_erfassungsbereiche?service=WMS&request=GetCapabilities"
"KT_GR","https://wms.geo.gr.ch/naturschutz?service=WMS&request=GetCapabilities"
"KT_GR","https://wms.geo.gr.ch/rrip_bregaglia?service=WMS&request=GetCapabilities"
"KT_GR","https://wms.geo.gr.ch/rrip_davos?service=WMS&request=GetCapabilities"
"KT_GR","https://wms.geo.gr.ch/rrip_mesolcina?service=WMS&request=GetCapabilities"
"KT_GR","https://wms.geo.gr.ch/rrip_mittelbuenden?service=WMS&request=GetCapabilities"
"KT_GR","https://wms.geo.gr.ch/rrip_nordbuenden?service=WMS&request=GetCapabilities"
"KT_GR","https://wms.geo.gr.ch/rrip_oberengadin?service=WMS&request=GetCapabilities"
"KT_GR","https://wms.geo.gr.ch/rrip_praettigau?service=WMS&request=GetCapabilities"
"KT_GR","https://wms.geo.gr.ch/rrip_unterengadin?service=WMS&request=GetCapabilities"
"KT_GR","https://wms.geo.gr.ch/rrip_regioviamala?service=WMS&request=GetCapabilities"
"KT_GR","https://wms.geo.gr.ch/regionen?service=WMS&request=GetCapabilities"
"KT_GR","https://wms.geo.gr.ch/schutzwald?service=WMS&request=GetCapabilities"
"KT_GR","https://wms.geo.gr.ch/seilbahnen?service=WMS&request=GetCapabilities"
"KT_GR","https://wms.geo.gr.ch/amtlichevermessung_stand?service=WMS&request=GetCapabilities"
"KT_GR","https://wms.geo.gr.ch/amtlichevermessung?service=WMS&request=GetCapabilities"
"KT_GR","https://wms.geo.gr.ch/waldentwicklungsplan?service=WMS&request=GetCapabilities"
"KT_GR","https://wms.geo.gr.ch/wildruhezonen?service=WMS&request=GetCapabilities"
"KT_GR","https://wms.geo.gr.ch/wildschutzgebiete?service=WMS&request=GetCapabilities"
"KT_GR","https://wms.geo.gr.ch/richtplan?service=WMS&request=GetCapabilities"
"KT_GR","https://wms.geo.gr.ch/uebersichtsplan?service=WMS&request=GetCapabilities"
"KT_GR","https://wfs.geo.gr.ch/regionen?service=WFS&request=GetCapabilities"
"KT_GR","https://wfs.geo.gr.ch/amtlichevermessung?service=WFS&request=GetCapabilities"
"KT_GR","https://wfs.geo.gr.ch/erdwaermenutzung?service=WFS&request=GetCapabilities"
"KT_GR","https://wfs.geo.gr.ch/gewaesserschutz?service=WFS&request=GetCapabilities"
"KT_GR","https://wfs.geo.gr.ch/grundwasser?service=WFS&request=GetCapabilities"
"KT_GR","https://wfs.geo.gr.ch/jagdkarte?service=WFS&request=GetCapabilities"
"KT_GR","https://wfs.geo.gr.ch/belastetestandorte?service=WFS&request=GetCapabilities"
"KT_GR","https://wfs.geo.gr.ch/lw_bewirtschaftung?service=WFS&request=GetCapabilities"
"KT_GR","https://wfs.geo.gr.ch/langsamverkehr?service=WFS&request=GetCapabilities"
"KT_GR","https://wfs.geo.gr.ch/naturschutz?service=WFS&request=GetCapabilities"
"KT_GR","https://wfs.geo.gr.ch/naturgefahren_erfassungsbereiche?service=WFS&request=GetCapabilities"
"KT_GR","https://wfs.geo.gr.ch/waldentwicklungsplan?service=WFS&request=GetCapabilities"
"KT_GR","https://wfs.geo.gr.ch/wildruhezonen?service=WFS&request=GetCapabilities"
"KT_GR","https://wfs.geo.gr.ch/wildschutzgebiete?service=WFS&request=GetCapabilities"
"KT_JU","https://geo.jura.ch/mapserv_proxy?ogcserver=Main_PNG&SERVICE=WFS&VERSION=1.1.1&REQUEST=GetCapabilities"
"KT_JU","https://geo.jura.ch/tiles/1.0.0/WMTSCapabilities.xml"
"KT_JU","https://geo.jura.ch/mapserv_proxy?ogcserver=Main_PNG&SERVICE=WMS&VERSION=1.3.0&REQUEST=GetCapabilities"
"KT_SG","https://services.geo.sg.ch/wss/service/SG00002_WMS/guest?REQUEST=GetCapabilities"
"KT_SG","https://services.geo.sg.ch/wss/service/SG00002_WMTS/guest?REQUEST=GetCapabilities"
"KT_SG","https://services.geo.sg.ch/wss/service/SG00135_WMS/guest?REQUEST=GetCapabilities"
"KT_SG","https://services.geo.sg.ch/wss/service/SG00135_WMTS/guest?REQUEST=GetCapabilities"
"KT_SG","https://services.geo.sg.ch/wss/service/SG00155_WMS/guest?REQUEST=GetCapabilities"
"KT_SG","https://services.geo.sg.ch/wss/service/SG00155_WMTS/guest?REQUEST=GetCapabilities"
"KT_SG","https://services.geo.sg.ch/wss/service/SG00046_WMS/guest?REQUEST=GetCapabilities"
"KT_SG","https://services.geo.sg.ch/wss/service/SG00046_WMTS/guest?REQUEST=GetCapabilities"
"KT_SG","https://services.geo.sg.ch/wss/service/SG00047_WMS/guest?REQUEST=GetCapabilities"
"KT_SG","https://services.geo.sg.ch/wss/service/SG00047_WMTS/guest?REQUEST=GetCapabilities"
"KT_SG","https://services.geo.sg.ch/wss/service/SG00015_WMS/guest?REQUEST=GetCapabilities"
"KT_SG","https://services.geo.sg.ch/wss/service/SG00015_WMTS/guest?REQUEST=GetCapabilities"
"KT_SG","https://services.geo.sg.ch/wss/service/SG00014_WMS/guest?REQUEST=GetCapabilities"
"KT_SG","https://services.geo.sg.ch/wss/service/SG00014_WMTS/guest?REQUEST=GetCapabilities"
"KT_SG","https://services.geo.sg.ch/wss/service/SG00072_WMS/guest?REQUEST=GetCapabilities"
"KT_SG","https://services.geo.sg.ch/wss/service/SG00072_WMTS/guest?REQUEST=GetCapabilities"
"KT_SG","https://services.geo.sg.ch/wss/service/SG00055_WMS/guest?REQUEST=GetCapabilities"
"KT_SG","https://services.geo.sg.ch/wss/service/SG00055_WMTS/guest?REQUEST=GetCapabilities"
"KT_SG","https://services.geo.sg.ch/wss/service/SG00066_WMS/guest?REQUEST=GetCapabilities"
"KT_SG","https://services.geo.sg.ch/wss/service/SG00066_WMTS/guest?REQUEST=GetCapabilities"
"KT_SG","https://services.geo.sg.ch/wss/service/SG00073_WMS/guest?REQUEST=GetCapabilities"
"KT_SG","https://services.geo.sg.ch/wss/service/SG00073_WMTS/guest?REQUEST=GetCapabilities"
"KT_SG","https://services.geo.sg.ch/wss/service/SG00031_WMS/guest?REQUEST=GetCapabilities"
"KT_SG","https://services.geo.sg.ch/wss/service/SG00031_WMTS/guest?REQUEST=GetCapabilities"
"KT_SG","https://services.geo.sg.ch/wss/service/SG00028_WFS/guest?REQUEST=GetCapabilities"
"KT_SG","https://services.geo.sg.ch/wss/service/SG00028_WMS/guest?REQUEST=GetCapabilities"
"KT_SG","https://services.geo.sg.ch/wss/service/SG00057_WMS/guest?REQUEST=GetCapabilities"
"KT_SG","https://services.geo.sg.ch/wss/service/SG00017_WFS/guest?REQUEST=GetCapabilities"
"KT_SG","https://services.geo.sg.ch/wss/service/SG00017_WMS/guest?REQUEST=GetCapabilities"
"KT_SG","https://services.geo.sg.ch/wss/service/SG00095_WFS/guest?REQUEST=GetCapabilities"
"KT_SG","https://services.geo.sg.ch/wss/service/SG00095_WMS/guest?REQUEST=GetCapabilities"
"KT_SG","https://services.geo.sg.ch/wss/service/SG00058_WFS/guest?REQUEST=GetCapabilities"
"KT_SG","https://services.geo.sg.ch/wss/service/SG00058_WMS/guest?REQUEST=GetCapabilities"
"KT_SG","https://services.geo.sg.ch/wss/service/SG00129_WFS/guest?REQUEST=GetCapabilities"
"KT_SG","https://services.geo.sg.ch/wss/service/SG00129_WMS/guest?REQUEST=GetCapabilities"
"KT_SG","https://services.geo.sg.ch/wss/service/SG00104_WFS/guest?REQUEST=GetCapabilities"
"KT_SG","https://services.geo.sg.ch/wss/service/SG00104_WMS/guest?REQUEST=GetCapabilities"
"KT_SG","https://services.geo.sg.ch/wss/service/SG00105_WFS/guest?REQUEST=GetCapabilities"
"KT_SG","https://services.geo.sg.ch/wss/service/SG00105_WMS/guest?REQUEST=GetCapabilities"
"KT_SG","https://services.geo.sg.ch/wss/service/SG00097_WFS/guest?REQUEST=GetCapabilities"
"KT_SG","https://services.geo.sg.ch/wss/service/SG00097_WMS/guest?REQUEST=GetCapabilities"
"KT_SG","https://services.geo.sg.ch/wss/service/SG00089_WFS/guest?REQUEST=GetCapabilities"
"KT_SG","https://services.geo.sg.ch/wss/service/SG00089_WMS/guest?REQUEST=GetCapabilities"
"KT_SG","https://services.geo.sg.ch/wss/service/SG00008_WMS/guest?REQUEST=GetCapabilities"
"KT_SG","https://services.geo.sg.ch/wss/service/SG00032_WFS/guest?REQUEST=GetCapabilities"
"KT_SG","https://services.geo.sg.ch/wss/service/SG00032_WMS/guest?REQUEST=GetCapabilities"
"KT_SG","https://services.geo.sg.ch/wss/service/SG00033_WMS/guest?REQUEST=GetCapabilities"
"KT_SG","https://services.geo.sg.ch/wss/service/SG00061_WMS/guest?REQUEST=GetCapabilities"
"KT_SG","https://services.geo.sg.ch/wss/service/SG00022_WMS/guest?REQUEST=GetCapabilities"
"KT_SG","https://services.geo.sg.ch/wss/service/SG00036_WMS/guest?REQUEST=GetCapabilities"
"KT_SG","https://services.geo.sg.ch/wss/service/SG00042_WFS/guest?REQUEST=GetCapabilities"
"KT_SG","https://services.geo.sg.ch/wss/service/SG00042_WMS/guest?REQUEST=GetCapabilities"
"KT_SG","https://services.geo.sg.ch/wss/service/SG00053_WFS/guest?REQUEST=GetCapabilities"
"KT_SG","https://services.geo.sg.ch/wss/service/SG00053_WMS/guest?REQUEST=GetCapabilities"
"KT_SG","https://services.geo.sg.ch/wss/service/SG00068_WMS/guest?REQUEST=GetCapabilities"
"KT_SG","https://services.geo.sg.ch/wss/service/SG00080_WMS/guest?REQUEST=GetCapabilities"
"KT_SG","https://services.geo.sg.ch/wss/service/SG00026_WMS/guest?REQUEST=GetCapabilities"
"KT_SG","https://services.geo.sg.ch/wss/service/SG00093_WMS/guest?REQUEST=GetCapabilities"
"KT_SG","https://services.geo.sg.ch/wss/service/SG00101_WMS/guest?REQUEST=GetCapabilities"
"KT_SG","https://services.geo.sg.ch/wss/service/SG00010_WMS/guest?REQUEST=GetCapabilities"
"KT_SG","https://services.geo.sg.ch/wss/service/SG00011_WMS/guest?REQUEST=GetCapabilities"
"KT_SG","https://services.geo.sg.ch/wss/service/SG00075_WMS/guest?REQUEST=GetCapabilities"
"KT_SG","https://services.geo.sg.ch/wss/service/SG00076_WMS/guest?REQUEST=GetCapabilities"
"KT_SG","https://services.geo.sg.ch/wss/service/SG00069_WMS/guest?REQUEST=GetCapabilities"
"KT_SG","https://services.geo.sg.ch/wss/service/SG00077_WMS/guest?REQUEST=GetCapabilities"
"KT_SG","https://services.geo.sg.ch/wss/service/SG00088_WMS/guest?REQUEST=GetCapabilities"
"KT_SG","https://services.geo.sg.ch/wss/service/SG00021_WFS/guest?REQUEST=GetCapabilities"
"KT_SG","https://services.geo.sg.ch/wss/service/SG00021_WMS/guest?REQUEST=GetCapabilities"
"KT_SG","https://services.geo.sg.ch/wss/service/SG00020_WFS/guest?REQUEST=GetCapabilities"
"KT_SG","https://services.geo.sg.ch/wss/service/SG00020_WMS/guest?REQUEST=GetCapabilities"
"KT_SG","https://services.geo.sg.ch/wss/service/SG00037_WMS/guest?REQUEST=GetCapabilities"
"KT_SG","https://services.geo.sg.ch/wss/service/SG00038_WMS/guest?REQUEST=GetCapabilities"
"KT_SG","https://services.geo.sg.ch/wss/service/SG00160_WMS/guest?REQUEST=GetCapabilities"
"KT_SG","https://services.geo.sg.ch/wss/service/SG00087_WFS/guest?REQUEST=GetCapabilities"
"KT_SG","https://services.geo.sg.ch/wss/service/SG00087_WMS/guest?REQUEST=GetCapabilities"
"KT_SG","https://services.geo.sg.ch/wss/service/SG00039_WFS/guest?REQUEST=GetCapabilities"
"KT_SG","https://services.geo.sg.ch/wss/service/SG00039_WMS/guest?REQUEST=GetCapabilities"
"KT_SG","https://services.geo.sg.ch/wss/service/SG00013_WFS/guest?REQUEST=GetCapabilities"
"KT_SG","https://services.geo.sg.ch/wss/service/SG00013_WMS/guest?REQUEST=GetCapabilities"
"KT_SG","https://services.geo.sg.ch/wss/service/SG00041_WMS/guest?REQUEST=GetCapabilities"
"KT_SG","https://services.geo.sg.ch/wss/service/SG00081_WMS/guest?REQUEST=GetCapabilities"
"KT_SG","https://services.geo.sg.ch/wss/service/SG00078_WMS/guest?REQUEST=GetCapabilities"
"KT_SG","https://services.geo.sg.ch/wss/service/SG00085_WMS/guest?REQUEST=GetCapabilities"
"KT_SG","https://services.geo.sg.ch/wss/service/SG00102_WMS/guest?REQUEST=GetCapabilities"
"KT_SG","https://services.geo.sg.ch/wss/service/SG00064_WMS/guest?REQUEST=GetCapabilities"
"KT_SG","https://services.geo.sg.ch/wss/service/SG00103_WMS/guest?REQUEST=GetCapabilities"
"KT_SG","https://services.geo.sg.ch/wss/service/SG00062_WMS/guest?REQUEST=GetCapabilities"
"KT_SG","https://services.geo.sg.ch/wss/service/SG00062_WMTS/guest?REQUEST=GetCapabilities"
"KT_SG","https://services.geo.sg.ch/wss/service/SG00158_WMS/guest?REQUEST=GetCapabilities"
"KT_SG","https://services.geo.sg.ch/wss/service/SG00164_WFS/guest?REQUEST=GetCapabilities"
"KT_SG","https://services.geo.sg.ch/wss/service/SG00164_WMS/guest?REQUEST=GetCapabilities"
"KT_SG","https://services.geo.sg.ch/wss/service/SG00124_WMS/guest?REQUEST=GetCapabilities"
"KT_SG","https://services.geo.sg.ch/wss/service/SG00012_WMS/guest?REQUEST=GetCapabilities"
"KT_SG","https://services.geo.sg.ch/wss/service/SG00018_WMS/guest?REQUEST=GetCapabilities"
"KT_SG","https://services.geo.sg.ch/wss/service/SG00051_WMS/guest?REQUEST=GetCapabilities"
"KT_SG","https://services.geo.sg.ch/wss/service/SG00019_WMS/guest?REQUEST=GetCapabilities"
"KT_SG","https://services.geo.sg.ch/wss/service/SG00052_WMS/guest?REQUEST=GetCapabilities"
"KT_SG","https://services.geo.sg.ch/wss/service/SG00023_WMS/guest?REQUEST=GetCapabilities"
"KT_SG","https://services.geo.sg.ch/wss/service/SG00024_WMS/guest?REQUEST=GetCapabilities"
"KT_SG","https://services.geo.sg.ch/wss/service/SG00084_WMS/guest?REQUEST=GetCapabilities"
"KT_SG","https://services.geo.sg.ch/wss/service/SG00082_WMS/guest?REQUEST=GetCapabilities"
"KT_SG","https://services.geo.sg.ch/wss/service/SG00065_WMS/guest?REQUEST=GetCapabilities"
"KT_SG","https://services.geo.sg.ch/wss/service/SG00025_WMS/guest?REQUEST=GetCapabilities"
"KT_SG","https://services.geo.sg.ch/wss/service/SG00034_WFS/guest?REQUEST=GetCapabilities"
"KT_SG","https://services.geo.sg.ch/wss/service/SG00034_WMS/guest?REQUEST=GetCapabilities"
"KT_SG","https://services.geo.sg.ch/wss/service/SG00035_WFS/guest?REQUEST=GetCapabilities"
"KT_SG","https://services.geo.sg.ch/wss/service/SG00035_WMS/guest?REQUEST=GetCapabilities"
"KT_SG","https://services.geo.sg.ch/wss/service/SG00172_WMS/guest?REQUEST=GetCapabilities"
"KT_SG","https://services.geo.sg.ch/wss/service/SG00159_WMS/guest?REQUEST=GetCapabilities"
"KT_SG","https://services.geo.sg.ch/wss/service/SG00170_WMS/guest?REQUEST=GetCapabilities"
"KT_SG","https://services.geo.sg.ch/wss/service/SG00016_WMS/guest?REQUEST=GetCapabilities"
"KT_SG","https://services.geo.sg.ch/wss/service/SG00100_WMS/guest?REQUEST=GetCapabilities"
"KT_SG","https://services.geo.sg.ch/wss/service/SG00083_WMS/guest?REQUEST=GetCapabilities"
"KT_SG","https://services.geo.sg.ch/wss/service/SG00096_WMS/guest?REQUEST=GetCapabilities"
"KT_SG","https://services.geo.sg.ch/wss/service/SG00027_WFS/guest?REQUEST=GetCapabilities"
"KT_SG","https://services.geo.sg.ch/wss/service/SG00027_WMS/guest?REQUEST=GetCapabilities"
"KT_SH","https://wms.geo.sh.ch/wms?SERVICE=WMS&REQUEST=GetCapabilities"
"KT_SH","https://wms.geo.sh.ch/raster?SERVICE=WMS&REQUEST=GetCapabilities"
"KT_SH","https://wfs.geo.sh.ch/wfs?SERVICE=WFS&REQUEST=GetCapabilities"
"KT_SO","https://geo.so.ch/api/wfs?SERVICE=WFS&REQUEST=GetCapabilities"
"KT_SO","https://geo.so.ch/api/wms?SERVICE=WMS&REQUEST=GetCapabilities"
"KT_SO","https://geo.so.ch/api/wmts/1.0.0/WMTSCapabilities.xml"
"KT_SO","https://geo.so.ch/wms/oereb?SERVICE=WMS&REQUEST=GetCapabilities"
"KT_SZ","https://map.geo.sz.ch/mapserv_proxy?SERVICE=WMS&REQUEST=GetCapabilities&lang=de"
"KT_SZ","https://geoshop.lisag.ch/WMSSZ?SERVICE=WMS&REQUEST=GetCapabilities"
"KT_SZ","https://map.geo.sz.ch/tiles/1.0.0/WMTSCapabilities.xml"
"KT_SZ","https://map.geo.sz.ch/mapserv_proxy?SERVICE=WFS&REQUEST=GetCapabilities&lang=de"
"KT_TG","https://ows.geo.tg.ch/geofy_access_proxy/notfalltreffpunkte?service=WMS&version=1.3.0&request=GetCapabilities"
"KT_TG","https://ows.geo.tg.ch/geofy_access_proxy/rebbau?service=WMS&version=1.3.0&request=GetCapabilities"
"KT_TG","https://ows.geo.tg.ch/geofy_access_proxy/strassenverkehrszaehlung?service=WMS&version=1.3.0&request=GetCapabilities"
"KT_TG","https://ows.geo.tg.ch/geofy_access_proxy/av_wms?Service=WMS&Version=1.3.0&Request=GetCapabilities"
"KT_TG","https://ows.geo.tg.ch/geofy_access_proxy/vernetzungskorridore?service=WMS&version=1.3.0&request=GetCapabilities"
"KT_TG","https://ows.geo.tg.ch/geofy_access_proxy/laermemissionskataster?service=WMS&version=1.3.0&request=GetCapabilities"
"KT_TG","https://ows.geo.tg.ch/geofy_access_proxy/skate?service=WMS&version=1.3.0&request=GetCapabilities"
"KT_TG","https://ows.geo.tg.ch/geofy_access_proxy/deutschkurse?service=WMS&version=1.3.0&request=GetCapabilities"
"KT_TG","https://ows.geo.tg.ch/geofy_access_proxy/landwirtschaft_kulturflaechen?service=WMS&version=1.3.0&request=GetCapabilities"
"KT_TG","https://ows.geo.tg.ch/geofy_access_proxy/landwirtschaft_kulturflaechen?service=WMS&version=1.3.0&request=GetCapabilities"
"KT_TG","https://ows.geo.tg.ch/geofy_access_proxy/bts_ols?service=WMS&version=1.3.0&request=GetCapabilities"
"KT_TG","https://ows.geo.tg.ch/geofy_access_proxy/waldreservate?service=WMS&version=1.3.0&request=GetCapabilities"
"KT_TG","https://ows.geo.tg.ch/geofy_access_proxy/waldreservate?service=WMS&version=1.3.0&request=GetCapabilities"
"KT_TG","https://ows.geo.tg.ch/geofy_access_proxy/waldentwicklungsplan?service=WMS&version=1.3.0&request=GetCapabilities"
"KT_TG","https://ows.geo.tg.ch/geofy_access_proxy/schutzwald?service=WMS&version=1.3.0&request=GetCapabilities"
"KT_TG","https://ows.geo.tg.ch/geofy_access_proxy/oereb_amphibienlaichgebiete?service=WMS&version=1.3.0&request=GetCapabilities"
"KT_TG","https://ows.geo.tg.ch/geofy_access_proxy/oereb_flachmoore?service=WMS&version=1.3.0&request=GetCapabilities"
"KT_TG","https://ows.geo.tg.ch/geofy_access_proxy/oereb_hoch_uebergangsmoore?service=WMS&version=1.3.0&request=GetCapabilities"
"KT_TG","https://ows.geo.tg.ch/geofy_access_proxy/hkb?Service=WMS&Version=1.3.0&Request=GetCapabilities"
"KT_TG","https://ows.geo.tg.ch/geofy_access_proxy/friedensrichteraemter?Service=WMS&Version=1.3.0&Request=GetCapabilities"
"KT_TG","https://ows.geo.tg.ch/geofy_access_proxy/betreibungsaemter?service=WMS&version=1.3.0&request=GetCapabilities"
"KT_TG","https://ows.geo.tg.ch/geofy_access_proxy/stromversorgung_netzgebiete?service=WMS&version=1.3.0&request=GetCapabilities"
"KT_TG","https://ows.geo.tg.ch/geofy_access_proxy/kantonsstrassen?service=WMS&version=1.3.0&request=GetCapabilities"
"KT_TG","https://ows.geo.tg.ch/geofy_access_proxy/landwirtschaft_kulturflaechen?service=WMS&version=1.3.0&request=GetCapabilities"
"KT_TG","https://ows.geo.tg.ch/geofy_access_proxy/forstliche_bestandeskarte?service=WMS&version=1.3.0&request=GetCapabilities"
"KT_TG","https://ows.geo.tg.ch/geofy_access_proxy/forstreviere?service=WMS&version=1.3.0&request=GetCapabilities"
"KT_TG","https://ows.geo.tg.ch/geofy_access_proxy/basisplanf?Service=WMS&Version=1.3.0&Request=GetCapabilities"
"KT_TG","https://ows.geo.tg.ch/geofy_access_proxy/badegewaesserqualitaet?service=WMS&version=1.3.0&request=GetCapabilities"
"KT_TG","https://ows.geo.tg.ch/geofy_access_proxy/landwirtschaft_kulturflaechen?service=WMS&version=1.3.0&request=GetCapabilities"
"KT_TG","https://ows.geo.tg.ch/geofy_access_proxy/biber?service=WMS&version=1.3.0&request=GetCapabilities"
"KT_TG","https://ows.geo.tg.ch/geofy_access_proxy/waldstandortkarte?service=WMS&version=1.3.0&request=GetCapabilities"
"KT_TG","https://ows.geo.tg.ch/geofy_access_proxy/forstreviere?service=WMS&version=1.3.0&request=GetCapabilities"
"KT_TG","https://ows.geo.tg.ch/geofy_access_proxy/jagdreviere?service=WMS&version=1.3.0&request=GetCapabilities"
"KT_TG","https://ows.geo.tg.ch/geofy_access_proxy/bodenuebersichtskarte?Service=WMS&Version=1.3.0&Request=GetCapabilities"
"KT_TG","https://ows.geo.tg.ch/geofy_access_proxy/gewaesserschutzkarte?Service=WMS&Version=1.3.0&Request=GetCapabilities"
"KT_TG","https://ows-raster.geo.tg.ch/geofy_access_proxy/luftschadstoffbelastung?Service=WMS&Version=1.3.0&Request=GetCapabilities"
"KT_TG","https://ows.geo.tg.ch/geofy_access_proxy/hintergrundplan?Service=WMS&Version=1.3.0&Request=GetCapabilities"
"KT_TG","https://ows.geo.tg.ch/geofy_access_proxy/fruchtfolgeflaechen_sachplan?service=WMS&version=1.3.0&request=GetCapabilities"
"KT_TG","https://ows.geo.tg.ch/geofy_access_proxy/hydrologische_messnetze?Service=WMS&Version=1.3.0&Request=GetCapabilities"
"KT_TG","https://ows.geo.tg.ch/geofy_access_proxy/kgs_inventar_b_archaeologie?service=WMS&version=1.3.0&request=GetCapabilities"
"KT_TG","https://ows-raster.geo.tg.ch/geofy_access_proxy/luftschadstoffemissionen?Service=WMS&Version=1.3.0&Request=GetCapabilities"
"KT_TG","https://ows.geo.tg.ch/geofy_access_proxy/landwirtschaft_kulturflaechen?service=WMS&version=1.3.0&request=GetCapabilities"
"KT_TG","https://ows.geo.tg.ch/geofy_access_proxy/kantonsstrassen?service=WMS&version=1.3.0&request=GetCapabilities"
"KT_TG","https://ows.geo.tg.ch/geofy_access_proxy/wanderwege?service=WMS&version=1.3.0&request=GetCapabilities"
"KT_TG","https://ows.geo.tg.ch/geofy_access_proxy/kunstbauten?service=WMS&version=1.3.0&request=GetCapabilities"
"KT_TG","https://ows.geo.tg.ch/geofy_access_proxy/gewaesserschutzkarte?Service=WMS&Version=1.3.0&Request=GetCapabilities"
"KT_TG","https://ows.geo.tg.ch/geofy_access_proxy/neophyten?Service=WMS&Version=1.3.0&Request=GetCapabilities"
"KT_TG","https://ows.geo.tg.ch/geofy_access_proxy/siedlungsverzeichnis?service=WMS&version=1.3.0&request=GetCapabilities"
"KT_TG","https://ows.geo.tg.ch/geofy_access_proxy/revitalisierung_gewaesser?Service=WMS&Version=1.3.0&Request=GetCapabilities"
"KT_TG","https://ows.geo.tg.ch/geofy_access_proxy/gefahrenhinweiskarte?Service=WMS&Version=1.3.0&Request=GetCapabilities"
"KT_TG","https://ows.geo.tg.ch/geofy_access_proxy/landwirtschaft_kulturflaechen?service=WMS&version=1.3.0&request=GetCapabilities"
"KT_TG","https://ows.geo.tg.ch/geofy_access_proxy/fischereiverbote?service=WMS&version=1.3.0&request=GetCapabilities"
"KT_TG","https://ows.geo.tg.ch/geofy_access_proxy/regionalplanung?service=WMS&version=1.3.0&request=GetCapabilities"
"KT_TG","https://ows.geo.tg.ch/geofy_access_proxy/gewaesserschutzkarte?Service=WMS&Version=1.3.0&Request=GetCapabilities"
"KT_TG","https://ows.geo.tg.ch/geofy_access_proxy/korrektionen_fluesse?Service=WMS&Version=1.3.0&Request=GetCapabilities"
"KT_TG","https://ows.geo.tg.ch/geofy_access_proxy/korrektionen_baeche?Service=WMS&Version=1.3.0&Request=GetCapabilities"
"KT_TG","https://ows.geo.tg.ch/geofy_access_proxy/hoehendaten?service=WMS&version=1.3.0&request=GetCapabilities"
"KT_TG","https://ows.geo.tg.ch/geofy_access_proxy/hoehendaten?service=WMS&version=1.3.0&request=GetCapabilities"
"KT_TG","https://ows.geo.tg.ch/geofy_access_proxy/oereb_statische_waldgrenzen?service=WMS&version=1.3.0&request=GetCapabilities"
"KT_TG","https://ows.geo.tg.ch/geofy_access_proxy/mountainbike?service=WMS&version=1.3.0&request=GetCapabilities"
"KT_TG","https://ows.geo.tg.ch/geofy_access_proxy/erdwaerme?Service=WMS&Version=1.3.0&Request=GetCapabilities"
"KT_TG","https://ows.geo.tg.ch/geofy_access_proxy/oekomorphologie?Service=WMS&Version=1.3.0&Request=GetCapabilities"
"KT_TG","https://ows.geo.tg.ch/geofy_access_proxy/kbs?Service=WMS&Version=1.3.0&Request=GetCapabilities"
"KT_TG","https://ows.geo.tg.ch/geofy_access_proxy/fischereiaufsichtskreise?service=WMS&version=1.3.0&request=GetCapabilities"
"KT_TG","https://ows.geo.tg.ch/geofy_access_proxy/gewaesserschutzkarte?Service=WMS&Version=1.3.0&Request=GetCapabilities"
"KT_TG","https://ows-raster.geo.tg.ch/geofy_access_proxy/biomasse?Service=WMS&Version=1.3.0&Request=GetCapabilities"
"KT_TG","https://ows.geo.tg.ch/geofy_access_proxy/ausnahmetransportrouten?service=WMS&version=1.3.0&request=GetCapabilities"
"KT_TG","https://ows.geo.tg.ch/geofy_access_proxy/jagdreviere?service=WMS&version=1.3.0&request=GetCapabilities"
"KT_TG","https://ows.geo.tg.ch/geofy_access_proxy/kapopostenkarte?service=WMS&version=1.3.0&request=GetCapabilities"
"KT_TG","https://ows.geo.tg.ch/geofy_access_proxy/jagdreviere?service=WMS&version=1.3.0&request=GetCapabilities"
"KT_TG","https://ows.geo.tg.ch/geofy_access_proxy/fischereiverbote?service=WMS&version=1.3.0&request=GetCapabilities"
"KT_TG","https://ows.geo.tg.ch/geofy_access_proxy/richtplankt200k?service=WMS&version=1.3.0&request=GetCapabilities"
"KT_TG","https://ows.geo.tg.ch/geofy_access_proxy/oekomorphologie?Service=WMS&Version=1.3.0&Request=GetCapabilities"
"KT_TG","https://ows.geo.tg.ch/geofy_access_proxy/gewaesserschutzkarte?Service=WMS&Version=1.3.0&Request=GetCapabilities"
"KT_TG","https://ows.geo.tg.ch/geofy_access_proxy/grundwasserkarte?Service=WMS&Version=1.3.0&Request=GetCapabilities"
"KT_TG","https://ows.geo.tg.ch/geofy_access_proxy/zivilschutzregionen?service=WMS&version=1.3.0&request=GetCapabilities"
"KT_TG","https://ows.geo.tg.ch/geofy_access_proxy/schulgemeinden?service=WMS&version=1.3.0&request=GetCapabilities"
"KT_TG","https://ows.geo.tg.ch/geofy_access_proxy/ng_fliesstiefenkarte_wasser_hq30?Service=WMS&Version=1.3.0&Request=GetCapabilities"
"KT_TG","https://ows.geo.tg.ch/geofy_access_proxy/gewaesserkataster_gewaesser?Service=WMS&Version=1.3.0&Request=GetCapabilities"
"KT_TG","https://ows-raster.geo.tg.ch/geofy_access_proxy/orthofoto2017?Service=WMS&Version=1.3.0&Request=GetCapabilities"
"KT_TG","https://ows.geo.tg.ch/geofy_access_proxy/sirenenstandorte?service=WMS&version=1.3.0&request=GetCapabilities"
"KT_TG","https://ows.geo.tg.ch/geofy_access_proxy/schutzraeume?service=WMS&version=1.3.0&request=GetCapabilities"
"KT_TG","https://ows.geo.tg.ch/geofy_access_proxy/notfalltreffpunkte?Service=WFS&Version=2.0.0&Request=GetCapabilities"
"KT_TG","https://ows.geo.tg.ch/geofy_access_proxy/rebbau?service=WFS&version=2.0.0&request=GetCapabilities"
"KT_TG","https://ows.geo.tg.ch/geofy_access_proxy/strassenverkehrszaehlung?service=WFS&version=2.0.0&request=GetCapabilities"
"KT_TG","https://ows.geo.tg.ch/geofy_access_proxy/av_wms?Service=WFS&Version=2.0.0&Request=GetCapabilities"
"KT_TG","https://ows.geo.tg.ch/geofy_access_proxy/vernetzungskorridore?service=WFS&version=2.0.0&request=GetCapabilities"
"KT_TG","https://ows.geo.tg.ch/geofy_access_proxy/laermemissionskataster?service=WFS&version=2.0.0&request=GetCapabilities"
"KT_TG","https://ows.geo.tg.ch/geofy_access_proxy/skate?service=WFS&version=2.0.0&request=GetCapabilities"
"KT_TG","https://ows.geo.tg.ch/geofy_access_proxy/deutschkurse?service=WFS&version=1.3.0&request=GetCapabilities"
"KT_TG","https://ows.geo.tg.ch/geofy_access_proxy/landwirtschaft_kulturflaechen?service=WFS&version=2.0.0&request=GetCapabilities"
"KT_TG","https://ows.geo.tg.ch/geofy_access_proxy/landwirtschaft_kulturflaechen?service=WFS&version=2.0.0&request=GetCapabilities"
"KT_TG","https://ows.geo.tg.ch/geofy_access_proxy/bts_ols?service=WFS&version=2.0.0&request=GetCapabilities"
"KT_TG","https://ows.geo.tg.ch/geofy_access_proxy/waldreservate?service=WFS&version=2.0.0&request=GetCapabilities"
"KT_TG","https://ows.geo.tg.ch/geofy_access_proxy/waldreservate?service=WFS&version=2.0.0&request=GetCapabilities"
"KT_TG","https://ows.geo.tg.ch/geofy_access_proxy/waldentwicklungsplan?Service=WFS&Version=2.0.0&Request=GetCapabilities"
"KT_TG","https://ows.geo.tg.ch/geofy_access_proxy/schutzwald?service=WFS&version=2.0.0&request=GetCapabilities"
"KT_TG","https://ows.geo.tg.ch/geofy_access_proxy/oereb_amphibienlaichgebiete?service=WFS&version=2.0.0&request=GetCapabilities"
"KT_TG","https://ows.geo.tg.ch/geofy_access_proxy/oereb_flachmoore?service=WFS&version=2.0.0&request=GetCapabilities"
"KT_TG","https://ows.geo.tg.ch/geofy_access_proxy/oereb_hoch_uebergangsmoore?service=WFS&version=2.0.0&request=GetCapabilities"
"KT_TG","https://ows.geo.tg.ch/geofy_access_proxy/hkb?Service=WFS&Version=2.0.0&Request=GetCapabilities"
"KT_TG","https://ows.geo.tg.ch/geofy_access_proxy/friedensrichteraemter?Service=WFS&Version=2.0.0&Request=GetCapabilities"
"KT_TG","https://ows.geo.tg.ch/geofy_access_proxy/betreibungsaemter?Service=WFS&Version=2.0.0&Request=GetCapabilities"
"KT_TG","https://ows.geo.tg.ch/geofy_access_proxy/stromversorgung_netzgebiete?service=WFS&version=2.0.0&request=GetCapabilities"
"KT_TG","https://ows.geo.tg.ch/geofy_access_proxy/kantonsstrassen?service=WFS&version=2.0.0&request=GetCapabilities"
"KT_TG","https://ows.geo.tg.ch/geofy_access_proxy/landwirtschaft_kulturflaechen?service=WFS&version=2.0.0&request=GetCapabilities"
"KT_TG","https://ows.geo.tg.ch/geofy_access_proxy/forstliche_bestandeskarte?service=WFS&version=2.0.0&request=GetCapabilities"
"KT_TG","https://ows.geo.tg.ch/geofy_access_proxy/forstreviere?service=WFS&version=2.0.0&request=GetCapabilities"
"KT_TG","https://ows.geo.tg.ch/geofy_access_proxy/badegewaesserqualitaet?service=WFS&version=2.0.0&request=GetCapabilities"
"KT_TG","https://ows.geo.tg.ch/geofy_access_proxy/landwirtschaft_kulturflaechen?service=WFS&version=2.0.0&request=GetCapabilities"
"KT_TG","https://ows.geo.tg.ch/geofy_access_proxy/biber?service=WFS&version=2.0.0&request=GetCapabilities"
"KT_TG","https://ows.geo.tg.ch/geofy_access_proxy/waldstandortkarte?service=WFS&version=2.0.0&request=GetCapabilities"
"KT_TG","https://ows.geo.tg.ch/geofy_access_proxy/forstreviere?service=WFS&version=2.0.0&request=GetCapabilities"
"KT_TG","https://ows.geo.tg.ch/geofy_access_proxy/jagdreviere?Service=WFS&Version=2.0.0&Request=GetCapabilities"
"KT_TG","https://ows.geo.tg.ch/geofy_access_proxy/bodenuebersichtskarte?Service=WFS&Version=2.0.0&Request=GetCapabilities"
"KT_TG","https://ows.geo.tg.ch/geofy_access_proxy/grundwasserkarte?Service=WMS&Version=1.3.0&Request=GetCapabilities"
"KT_TG","https://ows.geo.tg.ch/geofy_access_proxy/fruchtfolgeflaechen_sachplan?Service=WFS&Version=2.0.0&Request=GetCapabilities"
"KT_TG","https://ows.geo.tg.ch/geofy_access_proxy/hydrologische_messnetze?Service=WFS&Version=2.0.0&Request=GetCapabilities"
"KT_TG","https://ows.geo.tg.ch/geofy_access_proxy/kgs_inventar_b_archaeologie?service=WFS&version=2.0.0&request=GetCapabilities"
"KT_TG","https://ows.geo.tg.ch/geofy_access_proxy/landwirtschaft_kulturflaechen?service=WFS&version=2.0.0&request=GetCapabilities"
"KT_TG","https://ows.geo.tg.ch/geofy_access_proxy/kantonsstrassen?service=WFS&version=2.0.0&request=GetCapabilities"
"KT_TG","https://ows.geo.tg.ch/geofy_access_proxy/wanderwege?service=WFS&version=2.0.0&request=GetCapabilities"
"KT_TG","https://ows.geo.tg.ch/geofy_access_proxy/kunstbauten?service=WFS&version=2.0.0&request=GetCapabilities"
"KT_TG","https://ows.geo.tg.ch/geofy_access_proxy/gewaesserschutzkarte?Service=WFS&Version=2.0.0&Request=GetCapabilities"
"KT_TG","https://ows.geo.tg.ch/geofy_access_proxy/neophyten?Service=WFS&Version=2.0.0&Request=GetCapabilities"
"KT_TG","https://ows.geo.tg.ch/geofy_access_proxy/siedlungsverzeichnis?service=WFS&version=2.0.0&request=GetCapabilities"
"KT_TG","https://ows.geo.tg.ch/geofy_access_proxy/revitalisierung_gewaesser?Service=WFS&Version=2.0.0&Request=GetCapabilities"
"KT_TG","https://ows.geo.tg.ch/geofy_access_proxy/gefahrenhinweiskarte?Service=WFS&Version=2.0.0&Request=GetCapabilities"
"KT_TG","https://ows.geo.tg.ch/geofy_access_proxy/landwirtschaft_kulturflaechen?service=WFS&version=2.0.0&request=GetCapabilities"
"KT_TG","https://ows.geo.tg.ch/geofy_access_proxy/fischereiverbote?Service=WFS&Version=2.0.0&Request=GetCapabilities"
"KT_TG","https://ows.geo.tg.ch/geofy_access_proxy/regionalplanung?service=WFS&version=2.0.0&request=GetCapabilities"
"KT_TG","https://ows.geo.tg.ch/geofy_access_proxy/gewaesserschutzkarte?Service=WFS&Version=2.0.0&Request=GetCapabilities"
"KT_TG","https://ows.geo.tg.ch/geofy_access_proxy/korrektionen_fluesse?Service=WFS&Version=2.0.0&Request=GetCapabilities"
"KT_TG","https://ows.geo.tg.ch/geofy_access_proxy/korrektionen_baeche?Service=WFS&Version=2.0.0&Request=GetCapabilities"
"KT_TG","https://ows.geo.tg.ch/geofy_access_proxy/hoehendaten?service=WFS&version=2.0.0&request=GetCapabilities"
"KT_TG","https://ows.geo.tg.ch/geofy_access_proxy/hoehendaten?service=WFS&version=2.0.0&request=GetCapabilities"
"KT_TG","https://ows.geo.tg.ch/geofy_access_proxy/oereb_statische_waldgrenzen?service=WFS&version=2.0.0&request=GetCapabilities"
"KT_TG","https://ows.geo.tg.ch/geofy_access_proxy/mountainbike?service=WFS&version=2.0.0&request=GetCapabilities"
"KT_TG","https://ows.geo.tg.ch/geofy_access_proxy/erdwaerme?Service=WFS&Version=2.0.0&Request=GetCapabilities"
"KT_TG","https://ows.geo.tg.ch/geofy_access_proxy/oekomorphologie?Service=WFS&Version=2.0.0&Request=GetCapabilities"
"KT_TG","https://ows.geo.tg.ch/geofy_access_proxy/kbs?Service=WFS&Version=2.0.0&Request=GetCapabilities"
"KT_TG","https://ows.geo.tg.ch/geofy_access_proxy/fischereiaufsichtskreise?Service=WFS&Version=2.0.0&Request=GetCapabilities"
"KT_TG","https://ows.geo.tg.ch/geofy_access_proxy/grundwasserkarte?Service=WMS&Version=1.3.0&Request=GetCapabilities"
"KT_TG","https://ows-raster.geo.tg.ch/geofy_access_proxy/biomasse?Service=WFS&Version=2.0.0&Request=GetCapabilities"
"KT_TG","https://ows.geo.tg.ch/geofy_access_proxy/ausnahmetransportrouten?service=WFS&version=2.0.0&request=GetCapabilities"
"KT_TG","https://ows.geo.tg.ch/geofy_access_proxy/jagdreviere?Service=WFS&Version=2.0.0&Request=GetCapabilities"
"KT_TG","https://ows.geo.tg.ch/geofy_access_proxy/kapopostenkarte?Service=WFS&Version=2.0.0&Request=GetCapabilities"
"KT_TG","https://ows.geo.tg.ch/geofy_access_proxy/jagdreviere?Service=WFS&Version=2.0.0&Request=GetCapabilities"
"KT_TG","https://ows.geo.tg.ch/geofy_access_proxy/fischereiverbote?Service=WFS&Version=2.0.0&Request=GetCapabilities"
"KT_TG","https://ows.geo.tg.ch/geofy_access_proxy/richtplankt50k?service=WMS&version=1.3.0&request=GetCapabilities"
"KT_TG","https://ows.geo.tg.ch/geofy_access_proxy/oekomorphologie?Service=WFS&Version=2.0.0&Request=GetCapabilities"
"KT_TG","https://ows.geo.tg.ch/geofy_access_proxy/gewaesserschutzkarte?Service=WFS&Version=2.0.0&Request=GetCapabilities"
"KT_TG","https://ows.geo.tg.ch/geofy_access_proxy/grundwassermodell_thurtal?Service=WMS&Version=1.3.0&Request=GetCapabilities"
"KT_TG","https://ows.geo.tg.ch/geofy_access_proxy/zivilschutzregionen?Service=WFS&Version=2.0.0&Request=GetCapabilities"
"KT_TG","https://ows.geo.tg.ch/geofy_access_proxy/schulgemeinden?service=WFS&version=2.0.0&request=GetCapabilities"
"KT_TG","https://ows.geo.tg.ch/geofy_access_proxy/ng_fliesstiefenkarte_wasser_hq100?Service=WMS&Version=1.3.0&Request=GetCapabilities"
"KT_TG","https://ows.geo.tg.ch/geofy_access_proxy/gewaesserkataster_gewaesser?Service=WFS&Version=2.0.0&Request=GetCapabilities"
"KT_TG","https://ows.geo.tg.ch/geofy_access_proxy/sirenenstandorte?Service=WFS&Version=2.0.0&Request=GetCapabilities"
"KT_TG","https://ows.geo.tg.ch/geofy_access_proxy/schutzraeume?Service=WFS&Version=2.0.0&Request=GetCapabilities"
"KT_TI","https://wmts.geo.ti.ch/wmts/1.0.0/WMTSCapabilities.xml"
"KT_TI","https://wfs.geo.ti.ch/wfs_ch"
"KT_TI","https://wfs.geo.ti.ch/wfs_ac"
"KT_TI","https://wms.geo.ti.ch/service?service=WMS&version=1.3.0&REQUEST=GetCapabilities"
"KT_UR","https://geo.ur.ch/wms?request=getCapabilities"
"KT_UR","https://geo.ur.ch/wfs?request=getCapabilities"
"KT_ZG","https://services.geo.zg.ch/ows/Quartiergestaltungsplanung?SERVICE=WMS&REQUEST=GetCapabilities"
"KT_ZG","https://services.geo.zg.ch/ows/Abfallsammelstellen?SERVICE=WMS&REQUEST=GetCapabilities"
"KT_ZG","https://services.geo.zg.ch/ows/Abstandslinien?SERVICE=WMS&REQUEST=GetCapabilities"
"KT_ZG","https://services.geo.zg.ch/ows/Adressplan?SERVICE=WMS&REQUEST=GetCapabilities"
"KT_ZG","https://services.geo.zg.ch/ows/Amphibienlaichgebiete?SERVICE=WMS&REQUEST=GetCapabilities"
"KT_ZG","https://services.geo.zg.ch/ows/Anselmierkarte?SERVICE=WMS&REQUEST=GetCapabilities"
"KT_ZG","https://services.geo.zg.ch/ows/BasisplanFarbe?SERVICE=WMS&REQUEST=GetCapabilities"
"KT_ZG","https://services.geo.zg.ch/ows/BasisplanSW?SERVICE=WMS&REQUEST=GetCapabilities"
"KT_ZG","https://services.geo.zg.ch/ows/Baumkataster?SERVICE=WMS&REQUEST=GetCapabilities"
"KT_ZG","https://services.geo.zg.ch/ows/Bebauungsplan?SERVICE=WMS&REQUEST=GetCapabilities"
"KT_ZG","https://services.geo.zg.ch/ows/Besondere_Waldlebensraeume?SERVICE=WMS&REQUEST=GetCapabilities"
"KT_ZG","https://services.geo.zg.ch/ows/Besondere_Waldlebensraeume?SERVICE=WMS&REQUEST=GetCapabilities"
"KT_ZG","https://services.geo.zg.ch/ows/Bodenkarte?SERVICE=WMS&REQUEST=GetCapabilities"
"KT_ZG","https://services.geo.zg.ch/ows/Buslinien?SERVICE=WMS&REQUEST=GetCapabilities"
"KT_ZG","https://services.geo.zg.ch/ows/Denkmaeler?SERVICE=WMS&REQUEST=GetCapabilities"
"KT_ZG","https://services.geo.zg.ch/ows/Einzelbaeume_K5?&SERVICE=WMS&REQUEST=GetCapabilities"
"KT_ZG","https://services.geo.zg.ch/ows/Erdwaermenutzung?SERVICE=WMS&REQUEST=GetCapabilities"
"KT_ZG","https://services.geo.zg.ch/ows/Erholungswald?SERVICE=WMS&REQUEST=GetCapabilities"
"KT_ZG","https://services.geo.zg.ch/ows/Fahrzeuglaengen_geplant?SERVICE=WMS&REQUEST=GetCapabilities"
"KT_ZG","https://services.geo.zg.ch/ows/Fledermaus-Quartiere?SERVICE=WMS&REQUEST=GetCapabilities"
"KT_ZG","https://services.geo.zg.ch/ows/Forstreviere?SERVICE=WMS&REQUEST=GetCapabilities"
"KT_ZG","https://services.geo.zg.ch/ows/Fussgaengerstreifen?SERVICE=WMS&REQUEST=GetCapabilities"
"KT_ZG","https://services.geo.zg.ch/ows/Gebaeudebrueter?SERVICE=WMS&REQUEST=GetCapabilities"
"KT_ZG","https://services.geo.zg.ch/ows/Geomorphologie?SERVICE=WMS&REQUEST=GetCapabilities"
"KT_ZG","https://services.geo.zg.ch/ows/Gewaessernetz?SERVICE=WMS&REQUEST=GetCapabilities"
"KT_ZG","https://services.geo.zg.ch/ows/Gewaesserschutzkarte?SERVICE=WMS&REQUEST=GetCapabilities"
"KT_ZG","https://services.geo.zg.ch/ows/Grundbuchplan?SERVICE=WMS&REQUEST=GetCapabilities"
"KT_ZG","https://services.geo.zg.ch/ows/Hecken_Feldgehoelze?SERVICE=WMS&REQUEST=GetCapabilities"
"KT_ZG","https://services.geo.zg.ch/ows/Hist_Gewaesser?SERVICE=WMS&REQUEST=GetCapabilities"
"KT_ZG","https://services.geo.zg.ch/ows/Hoehenkurven_Isobathen?SERVICE=WMS&REQUEST=GetCapabilities"
"KT_ZG","https://services.geo.zg.ch/ows/Jagdbezirke?SERVICE=WMS&REQUEST=GetCapabilities"
"KT_ZG","https://services.geo.zg.ch/ows/Kinderbetreuung?SERVICE=WMS&REQUEST=GetCapabilities"
"KT_ZG","https://services.geo.zg.ch/ows/Kunstbauten?SERVICE=WMS&REQUEST=GetCapabilities"
"KT_ZG","https://services.geo.zg.ch/ows/Landwertzonen_Steuern?SERVICE=WMS&REQUEST=GetCapabilities"
"KT_ZG","https://services.geo.zg.ch/ows/Landwirtschaft?SERVICE=WMS&REQUEST=GetCapabilities"
"KT_ZG","https://services.geo.zg.ch/ows/Messstellen_an_Gewaessern?SERVICE=WMS&REQUEST=GetCapabilities"
"KT_ZG","https://services.geo.zg.ch/ows/Moorlandschaften?SERVICE=WMS&REQUEST=GetCapabilities"
"KT_ZG","https://services.geo.zg.ch/ows/NGHK_Phaenomene?SERVICE=WMS&REQUEST=GetCapabilities"
"KT_ZG","https://services.geo.zg.ch/ows/NGHK_Prozesse?SERVICE=WMS&REQUEST=GetCapabilities"
"KT_ZG","https://services.geo.zg.ch/ows/Naturobjekte?SERVICE=WMS&REQUEST=GetCapabilities"
"KT_ZG","https://services.geo.zg.ch/ows/Naturschutz?SERVICE=WMS&REQUEST=GetCapabilities"
"KT_ZG","https://services.geo.zg.ch/ows/Neophyten?SERVICE=WMS&REQUEST=GetCapabilities"
"KT_ZG","https://services.geo.zg.ch/ows/Orthofotos?SERVICE=WMS&REQUEST=GetCapabilities"
"KT_ZG","https://services.geo.zg.ch/ows/Ortsbildschutz?SERVICE=WMS&REQUEST=GetCapabilities"
"KT_ZG","https://services.geo.zg.ch/ows/Parkplaetze?SERVICE=WMS&REQUEST=GetCapabilities"
"KT_ZG","https://services.geo.zg.ch/ows/Points_of_Interest?SERVICE=WMS&REQUEST=GetCapabilities"
"KT_ZG","https://services.geo.zg.ch/ows/Radwege?SERVICE=WMS&REQUEST=GetCapabilities"
"KT_ZG","https://services.geo.zg.ch/ows/Richtplan?SERVICE=WMS&REQUEST=GetCapabilities"
"KT_ZG","https://services.geo.zg.ch/ows/Schulhaeuser_Kindergaerten?SERVICE=WMS&REQUEST=GetCapabilities"
"KT_ZG","https://services.geo.zg.ch/ows/Schutzraumbau?SERVICE=WMS&REQUEST=GetCapabilities"
"KT_ZG","https://services.geo.zg.ch/ows/Schutzwald?SERVICE=WMS&REQUEST=GetCapabilities"
"KT_ZG","https://services.geo.zg.ch/ows/Standorte_Wahlplakate?SERVICE=WMS&REQUEST=GetCapabilities"
"KT_ZG","https://services.geo.zg.ch/ows/Statische_Waldgrenzen?SERVICE=WMS&REQUEST=GetCapabilities"
"KT_ZG","https://services.geo.zg.ch/ows/Strassenlaermkataster_Gemeindestrassen?SERVICE=WMS&REQUEST=GetCapabilities"
"KT_ZG","https://services.geo.zg.ch/ows/Strassenlaermkataster_Kantonsstrassen?SERVICE=WMS&REQUEST=GetCapabilities"
"KT_ZG","https://services.geo.zg.ch/ows/Treffpunkte_RDZ?SERVICE=WMS&REQUEST=GetCapabilities"
"KT_ZG","https://services.geo.zg.ch/ows/Verkehrszaehlung?SERVICE=WMS&REQUEST=GetCapabilities"
"KT_ZG","https://services.geo.zg.ch/ows/Zonenplan?SERVICE=WMS&REQUEST=GetCapabilities"
"KT_ZG","https://services.geo.zg.ch/ows/defibrillatoren?SERVICE=WMS&REQUEST=GetCapabilities"
"KT_ZG","https://services.geo.zg.ch/ows/geologisches_aufschlussarchiv?SERVICE=WMS&REQUEST=GetCapabilities"
"KT_ZG","https://services.geo.zg.ch/ows/kbs?SERVICE=WMS&REQUEST=GetCapabilities"
"KT_ZG","https://services.geo.zg.ch/ows/pbv?SERVICE=WMS&REQUEST=GetCapabilities"
"KT_ZG","https://services.geo.zg.ch/ows/stand_der_erschliessung?SERVICE=WMS&REQUEST=GetCapabilities"
"KT_ZG","https://services.geo.zg.ch/ows/Abfallsammelstellen?SERVICE=WFS&REQUEST=GetCapabilities"
"KT_ZG","https://services.geo.zg.ch/ows/Abstandslinien?SERVICE=WFS&REQUEST=GetCapabilities"
"KT_ZG","https://services.geo.zg.ch/ows/Amphibienlaichgebiete?SERVICE=WFS&REQUEST=GetCapabilities"
"KT_ZG","https://services.geo.zg.ch/ows/Baumkataster?SERVICE=WFS&REQUEST=GetCapabilities"
"KT_ZG","https://services.geo.zg.ch/ows/Bebauungsplan?SERVICE=WFS&REQUEST=GetCapabilities"
"KT_ZG","https://services.geo.zg.ch/ows/Besondere_Waldlebensraeume?SERVICE=WFS&REQUEST=GetCapabilities"
"KT_ZG","https://services.geo.zg.ch/ows/Bodenkarte?SERVICE=WFS&REQUEST=GetCapabilities"
"KT_ZG","https://services.geo.zg.ch/ows/Buslinien?SERVICE=WFS&REQUEST=GetCapabilities"
"KT_ZG","https://services.geo.zg.ch/ows/Denkmaeler?SERVICE=WFS&REQUEST=GetCapabilities"
"KT_ZG","https://services.geo.zg.ch/ows/Einzelbaeume_K5?SERVICE=WFS&REQUEST=GetCapabilities"
"KT_ZG","https://services.geo.zg.ch/ows/Erdwaermenutzung?SERVICE=WFS&REQUEST=GetCapabilities"
"KT_ZG","https://services.geo.zg.ch/ows/Erholungswald?SERVICE=WFS&REQUEST=GetCapabilities"
"KT_ZG","https://services.geo.zg.ch/ows/Fahrzeuglaengen_geplant?SERVICE=WFS&REQUEST=GetCapabilities"
"KT_ZG","https://services.geo.zg.ch/ows/Fledermaus-Quartiere?SERVICE=WFS&REQUEST=GetCapabilities"
"KT_ZG","https://services.geo.zg.ch/ows/Forstreviere?SERVICE=WFS&REQUEST=GetCapabilities"
"KT_ZG","https://services.geo.zg.ch/ows/Fussgaengerstreifen?SERVICE=WFS&REQUEST=GetCapabilities"
"KT_ZG","https://services.geo.zg.ch/ows/Gebaeudebrueter?SERVICE=WFS&REQUEST=GetCapabilities"
"KT_ZG","https://services.geo.zg.ch/ows/Geomorphologie?SERVICE=WFS&REQUEST=GetCapabilities"
"KT_ZG","https://services.geo.zg.ch/ows/Gewaessernetz?SERVICE=WFS&REQUEST=GetCapabilities"
"KT_ZG","https://services.geo.zg.ch/ows/Gewaesserschutzkarte?SERVICE=WFS&REQUEST=GetCapabilities"
"KT_ZG","https://services.geo.zg.ch/ows/Hecken_Feldgehoelze?SERVICE=WFS&REQUEST=GetCapabilities"
"KT_ZG","https://services.geo.zg.ch/ows/Hist_Gewaesser?SERVICE=WFS&REQUEST=GetCapabilities"
"KT_ZG","https://services.geo.zg.ch/ows/Hoehenkurven_Isobathen?SERVICE=WFS&REQUEST=GetCapabilities"
"KT_ZG","https://services.geo.zg.ch/ows/Jagdbezirke?SERVICE=WFS&REQUEST=GetCapabilities&VERSION=1.1.0"
"KT_ZG","https://services.geo.zg.ch/ows/Kinderbetreuung?SERVICE=WFS&REQUEST=GetCapabilities"
"KT_ZG","https://services.geo.zg.ch/ows/Kunstbauten?SERVICE=WFS&REQUEST=GetCapabilities"
"KT_ZG","https://services.geo.zg.ch/ows/Landwertzonen_Steuern?SERVICE=WFS&REQUEST=GetCapabilities"
"KT_ZG","https://services.geo.zg.ch/ows/Landwirtschaft?SERVICE=WFS&REQUEST=GetCapabilities"
"KT_ZG","https://services.geo.zg.ch/ows/Messstellen_an_Gewaessern?SERVICE=WFS&REQUEST=GetCapabilities"
"KT_ZG","https://services.geo.zg.ch/ows/Moorlandschaften?SERVICE=WFS&REQUEST=GetCapabilities"
"KT_ZG","https://services.geo.zg.ch/ows/NGHK_Phaenomene?SERVICE=WFS&REQUEST=GetCapabilities"
"KT_ZG","https://services.geo.zg.ch/ows/NGHK_Prozesse?SERVICE=WFS&REQUEST=GetCapabilities"
"KT_ZG","https://services.geo.zg.ch/ows/Naturobjekte?SERVICE=WFS&REQUEST=GetCapabilities"
"KT_ZG","https://services.geo.zg.ch/ows/Naturschutz?SERVICE=WFS&REQUEST=GetCapabilities"
"KT_ZG","https://services.geo.zg.ch/ows/Neophyten?SERVICE=WFS&REQUEST=GetCapabilities"
"KT_ZG","https://services.geo.zg.ch/ows/Ortsbildschutz?SERVICE=WFS&REQUEST=GetCapabilities"
"KT_ZG","https://services.geo.zg.ch/ows/Parkplaetze?SERVICE=WFS&REQUEST=GetCapabilities"
"KT_ZG","https://services.geo.zg.ch/ows/Parkplaetze?SERVICE=WMS&REQUEST=GetCapabilities"
"KT_ZG","https://services.geo.zg.ch/ows/Points_of_Interest?SERVICE=WFS&REQUEST=GetCapabilities"
"KT_ZG","https://services.geo.zg.ch/ows/Quartiergestaltungsplanung?SERVICE=WFS&REQUEST=GetCapabilities"
"KT_ZG","https://services.geo.zg.ch/ows/Radwege?SERVICE=WFS&REQUEST=GetCapabilities"
"KT_ZG","https://services.geo.zg.ch/ows/Richtplan?SERVICE=WFS&REQUEST=GetCapabilities"
"KT_ZG","https://services.geo.zg.ch/ows/Schulhaeuser_Kindergaerten?SERVICE=WFS&REQUEST=GetCapabilities"
"KT_ZG","https://services.geo.zg.ch/ows/Schutzraumbau?SERVICE=WFS&REQUEST=GetCapabilities"
"KT_ZG","https://services.geo.zg.ch/ows/Schutzwald?SERVICE=WFS&REQUEST=GetCapabilities"
"KT_ZG","https://services.geo.zg.ch/ows/Standorte_Wahlplakate?SERVICE=WFS&REQUEST=GetCapabilities"
"KT_ZG","https://services.geo.zg.ch/ows/Statische_Waldgrenzen?SERVICE=WFS&REQUEST=GetCapabilities"
"KT_ZG","https://services.geo.zg.ch/ows/Strassenlaermkataster_Gemeindestrassen?SERVICE=WFS&REQUEST=GetCapabilities"
"KT_ZG","https://services.geo.zg.ch/ows/Strassenlaermkataster_Kantonsstrassen?SERVICE=WFS&REQUEST=GetCapabilities"
"KT_ZG","https://services.geo.zg.ch/ows/Treffpunkte_RDZ?SERVICE=WFS&REQUEST=GetCapabilities"
"KT_ZG","https://services.geo.zg.ch/ows/Verkehrszaehlung?SERVICE=WFS&REQUEST=GetCapabilities"
"KT_ZG","https://services.geo.zg.ch/ows/Zonenplan?SERVICE=WFS&REQUEST=GetCapabilities"
"KT_ZG","https://services.geo.zg.ch/ows/defibrillatoren?SERVICE=WFS&REQUEST=GetCapabilities"
"KT_ZG","https://services.geo.zg.ch/ows/geologisches_aufschlussarchiv?SERVICE=WFS&REQUEST=GetCapabilities"
"KT_ZG","https://services.geo.zg.ch/ows/kbs?SERVICE=WFS&REQUEST=GetCapabilities"
"KT_ZG","https://services.geo.zg.ch/ows/pbv?SERVICE=WFS&REQUEST=GetCapabilities"
"KT_ZG","https://services.geo.zg.ch/ows/stand_der_erschliessung?SERVICE=WFS&REQUEST=GetCapabilities"
"KT_ZG","https://services.geo.zg.ch/tc/wmts/1.0.0/WMTSCapabilities.xml"
"KT_ZH","https://wms.zh.ch/ArchWMS?service=WMS&request=GetCapabilities"
"KT_ZH","https://wms.zh.ch/TbaBaustellenZHWMS?service=WMS&request=GetCapabilities"
"KT_ZH","https://wms.zh.ch/TBAAnlagenZHWMS?service=WMS&request=GetCapabilities"
"KT_ZH","https://wms.zh.ch/DenkmalschutzWMS?service=WMS&request=GetCapabilities"
"KT_ZH","https://wms.zh.ch/HaltestellenZHWMS?service=WMS&request=GetCapabilities"
"KT_ZH","https://wms.zh.ch/WaldWNBZHWMS?service=WMS&request=GetCapabilities"
"KT_ZH","https://wms.zh.ch/OrtsbildschutzZHWMS?service=WMS&request=GetCapabilities"
"KT_ZH","https://wms.zh.ch/FnsLRKZHWMS?service=WMS&request=GetCapabilities"
"KT_ZH","https://wms.zh.ch/WaldSWZHWMS?service=WMS&request=GetCapabilities"
"KT_ZH","https://wms.zh.ch/TBAStr3ZHWMS?service=WMS&request=GetCapabilities"
"KT_ZH","https://wms.zh.ch/TBAStr2ZHWMS?service=WMS&request=GetCapabilities"
"KT_ZH","https://wms.zh.ch/TBAStr1ZHWMS?service=WMS&request=GetCapabilities"
"KT_ZH","https://wms.zh.ch/ZVVZHWMS?service=WMS&request=GetCapabilities"
"KT_ZH","https://wms.zh.ch/AFVTempo30ZHWMS?service=WMS&request=GetCapabilities"
"KT_ZH","https://wms.zh.ch/WaldVKWMS?service=WMS&request=GetCapabilities"
"KT_ZH","https://wms.zh.ch/VeloinfrastrukturZHWMS?service=WMS&request=GetCapabilities"
"KT_ZH","https://wms.zh.ch/VelonetzZHWMS?service=WMS&request=GetCapabilities"
"KT_ZH","https://wms.zh.ch/VeloparkieranlagenZHWMS?service=WMS&request=GetCapabilities"
"KT_ZH","https://wms.zh.ch/TBAVMSZHWMS?service=WMS&request=GetCapabilities"
"KT_ZH","https://wms.zh.ch/WaldarealZHWMS?service=WMS&request=GetCapabilities"
"KT_ZH","https://wms.zh.ch/WildkarteZHWMS?service=WMS&request=GetCapabilities"
"KT_ZH","https://wms.zh.ch/FnsLWZHWMS?service=WMS&request=GetCapabilities"
"KT_ZH","https://wms.zh.ch/FNSOEQVZHWMS?service=WMS&request=GetCapabilities"
"KT_ZH","https://wms.zh.ch/FNSLRPZHWMS?service=WMS&request=GetCapabilities"
"KT_ZH","https://wms.zh.ch/FnsSVOZHWMS?service=WMS&request=GetCapabilities"
"KT_ZH","https://wms.zh.ch/FnsInvZHWMS?service=WMS&request=GetCapabilities"
"KT_ZH","https://wms.zh.ch/kkgeo_gws_zh?service=WMS&request=GetCapabilities"
"KT_ZH","https://wms.zh.ch/OGDFuJ2ZH?service=WMS&request=GetCapabilities"
"KT_ZH","https://wms.zh.ch/OGDAVswZH?service=WMS&request=GetCapabilities"
"KT_ZH","https://wms.zh.ch/OerebKatasterZHWMS?service=WMS&request=GetCapabilities"
"KT_ZH","https://wms.zh.ch/upwms?service=WMS&request=GetCapabilities"
"KT_ZH","https://wms.zh.ch/OGDAwelFliessZH?service=WMS&request=GetCapabilities"
"KT_ZH","https://wms.zh.ch/AwelWBRevitZHWMS?service=WMS&request=GetCapabilities"
"KT_ZH","https://wms.zh.ch/OGDAVfarbigZH?service=WMS&request=GetCapabilities"
"KT_ZH","https://wms.zh.ch/AwelGKHWsynoptischWMS?service=WMS&request=GetCapabilities"
"KT_ZH","https://wms.zh.ch/OGDAwelHydroStatZH?service=WMS&request=GetCapabilities"
"KT_ZH","https://wms.zh.ch/OGDWaldWEPZH?service=WMS&request=GetCapabilities"
"KT_ZH","https://wms.zh.ch/AwelGSWaermewwwZHWMS?SERVICE=WMS&Request=GetCapabilities"
"KT_ZH","https://wms.zh.ch/AwelGrundWaMWZHWMS?service=WMS&request=GetCapabilities"
"KT_ZH","https://wms.zh.ch/AwelWBhauptZHWMS?service=WMS&request=GetCapabilities"
"KT_ZH","https://wms.zh.ch/OGDAdminZH?service=WMS&request=GetCapabilities"
"KT_ZH","https://wms.zh.ch/OGDStatGebAlterZH?service=WMS&request=GetCapabilities"
"KT_ZH","https://wms.zh.ch/OGDBoKaZH?service=WMS&request=GetCapabilities"
"KT_ZH","https://wms.zh.ch/OGDAla4wwwZH?service=WMS&request=GetCapabilities"
"KT_ZH","https://wms.zh.ch/avwms?service=WMS&request=GetCapabilities"
"KT_ZH","https://wms.zh.ch/OGDOrthoZH?service=WMS&request=GetCapabilities"
"KT_ZH","https://wms.zh.ch/FnsSchutzanordnungenZHWMS?service=WMS&request=GetCapabilities"
"KT_ZH","https://wms.zh.ch/FaBoFFFZHWMS?service=WMS&request=GetCapabilities"
"KT_ZH","https://wms.zh.ch/AwelWindpotenzialZHWMS?service=WMS&request=GetCapabilities"
"KT_ZH","https://wms.zh.ch/uplayerwms?service=WMS&request=GetCapabilities"
"KT_ZH","https://wms.zh.ch/TBAInnerAusserortsZHWMS?service=WMS&request=GetCapabilities"
"KT_ZH","https://wms.zh.ch/OGDAwelLHKlimaPlanhinweisZH?service=WMS&request=GetCapabilities"
"KT_ZH","https://wms.zh.ch/OGDARPStandZH?service=WMS&request=GetCapabilities"
"KT_ZH","https://wms.zh.ch/FnsPflegeZHWMS?service=WMS&request=GetCapabilities"
"KT_ZH","https://wms.zh.ch/OGDAwelLHKlimaanalyseZH?service=WMS&request=GetCapabilities"
"KT_ZH","https://wms.zh.ch/HistGewKarteZHWMS?service=WMS&request=GetCapabilities"
"KT_ZH","https://wms.zh.ch/OGDARPOerebZH?service=WMS&request=GetCapabilities"
"KT_ZH","https://wms.zh.ch/OGDCMS3ZH?service=WMS&request=GetCapabilities"
"KT_ZH","https://wms.zh.ch/OGDFaboAnthroposolZH?service=WMS&request=GetCapabilities"
"KT_ZH","https://wms.zh.ch/OGDAlnJagdreviereZH?service=WMS&request=GetCapabilities"
"KT_ZH","https://wms.zh.ch/TBA9ZHWMS?service=WMS&request=GetCapabilities"
"KT_ZH","https://wms.zh.ch/AwelWBZustZHWMS?service=WMS&request=GetCapabilities"
"KT_ZH","https://wms.zh.ch/TBAStrassenlaermZHWMS?service=WMS&request=GetCapabilities"
"KT_ZH","https://wms.zh.ch/OGDOrtho81ZH?service=WMS&request=GetCapabilities"
"KT_ZH","https://wms.zh.ch/AwelGKHWwassertiefen1WMS?service=WMS&request=GetCapabilities"
"KT_ZH","https://wms.zh.ch/OGDLidarZH?service=WMS&request=GetCapabilities"
"KT_ZH","https://wms.zh.ch/OGDAwelOekoMorphwwwZH?service=WMS&request=GetCapabilities"
"KT_ZH","https://wms.zh.ch/AwelStromnetzZHWMS?service=WMS&request=GetCapabilities"
"KT_ZH","https://wms.zh.ch/AwelWBwwwZHWMS?service=WMS&request=GetCapabilities"
"KT_ZH","https://wms.zh.ch/OGDWaldWEP2ZH?service=WMS&request=GetCapabilities"
"KT_ZH","https://wms.zh.ch/OGDFuJRevZH?service=WMS&request=GetCapabilities"
"KT_ZH","https://wms.zh.ch/OGDArchDenkmalZH?service=WMS&request=GetCapabilities"
"KT_ZH","https://wms.zh.ch/AWELWWgwsZHWMS?service=WMS&request=GetCapabilities"
"KT_ZH","https://wms.zh.ch/OGDAwelWBwwwZH?service=WMS&request=GetCapabilities"
"KT_ZH","https://wms.zh.ch/OGDAwelWbAbflussZH?service=WMS&request=GetCapabilities"
"KT_ZH","https://wms.zh.ch/AwelGrundWaHWZHWMS?service=WMS&request=GetCapabilities"
"KT_ZH","https://wms.zh.ch/AwelWbAbflussZHWMS?service=WMS&request=GetCapabilities"
"KT_ZH","https://wms.zh.ch/AwelGKHWwassertiefen2WMS?service=WMS&request=GetCapabilities"
"KT_ZH","https://wms.zh.ch/TBAGeschZHWMS?service=WMS&request=GetCapabilities"
"KT_ZH","https://wms.zh.ch/ImmissionenZHWMS?service=WMS&request=GetCapabilities"
"KT_ZH","https://wms.zh.ch/AwelSBKwwwZHWMS?service=WMS&request=GetCapabilities"
"KT_ZH","https://wms.zh.ch/OGDAwelOberAbflussZH?service=WMS&request=GetCapabilities"
"KT_ZH","https://wms.zh.ch/OrthoZHWMS?service=WMS&request=GetCapabilities"
"KT_ZH","https://wms.zh.ch/AwelGKHWmassenbewegungWMS?service=WMS&request=GetCapabilities"
"KT_ZH","https://wms.zh.ch/AwelEnergieplanZHWMS?service=WMS&request=GetCapabilities"
"KT_ZH","https://wms.zh.ch/OGDAwelLHKlimaszenarienZH?service=WMS&request=GetCapabilities"
"KT_ZH","https://wms.zh.ch/OGDNEKZH?service=WMS&request=GetCapabilities"
"KT_ZH","https://wms.zh.ch/AwelGEBVOLZHWMS?service=WMS&request=GetCapabilities"
"KT_ZH","https://wms.zh.ch/OGDHistLuftZH?service=WMS&request=GetCapabilities"
"KT_ZH","https://wms.zh.ch/OGDWaldWEP3ZH?service=WMS&request=GetCapabilities"
"KT_ZH","https://wms.zh.ch/OGDWildkarteZH?service=WMS&request=GetCapabilities"
"KT_ZH","https://wms.zh.ch/AwelRKHWZHWMS?service=WMS&request=GetCapabilities"
"KT_ZH","https://maps.zh.ch/wfs/OGDZHWFS?service=WFS&request=GetCapabilities"
"KT_ZH","https://maps.zh.ch/wfs/TBAStrassenlaermZHWFS?service=WFS&request=GetCapabilities"
"KT_ZH","https://maps.zh.ch/wfs/TBAStrZHWFS?service=WFS&request=GetCapabilities"
"KT_ZH","https://maps.zh.ch/wfs/TBAGeschZHWFS?service=WFS&request=GetCapabilities"
"KT_ZH","https://maps.zh.ch/wfs/AVZHWFS?service=WFS&request=GetCapabilities"
"KT_ZH","https://maps.zh.ch/wfs/OerebKatasterZHWFS?service=WFS&request=GetCapabilities"
"KT_ZH","https://maps.zh.ch/wfs/DenkmalschutzWFS?service=WFS&request=GetCapabilities"
"KT_ZH","https://maps.zh.ch/wfs/SportanlagenZHWFS?service=WFS&request=GetCapabilities"
"KT_ZH","https://maps.zh.ch/wfs/AwelWbAbflussZHWFS?service=WFS&request=GetCapabilities"
"KT_ZH","https://maps.zh.ch/wfs/VeloinfrastrukturZHWFS?service=WFS&request=GetCapabilities"
"KT_ZH","https://maps.zh.ch/wfs/TBAWFS?service=WFS&request=GetCapabilities"
"KT_ZH","https://maps.zh.ch/wfs/AwelGSWaermewwwZHWFS?service=WFS&request=GetCapabilities"
"KT_ZH","https://maps.zh.ch/wfs/AWELEnergieWFS?service=WFS&request=GetCapabilities"
"KT_ZH","https://maps.zh.ch/wfs/VeloparkieranlagenZHWFS?service=WFS&request=GetCapabilities"
"KT_ZH","https://maps.zh.ch/wfs/TbaBaustellenZHWFS?service=WFS&request=GetCapabilities"
"KT_ZH","https://maps.zh.ch/wfs/ALNWaldarealZHWFS?service=WFS&request=GetCapabilities"
"KT_ZH","https://maps.zh.ch/wfs/GemZHWFS?service=WFS&request=GetCapabilities"
"KT_ZH","https://maps.zh.ch/wfs/AwelWWgwsZHWFS?service=WFS&request=GetCapabilities"
"KT_ZH","https://maps.zh.ch/wfs/TBAVMSZHWFS?service=WFS&request=GetCapabilities"
"KT_ZH","https://maps.zh.ch/wfs/AwelGrundWaMWZHWFS?service=WFS&request=GetCapabilities"
"KT_ZH","https://maps.zh.ch/wfs/AwelGrundWaHWZHWFS?service=WFS&request=GetCapabilities"
"KT_ZH","https://maps.zh.ch/wfs/HaltestellenZHWFS?service=WFS&request=GetCapabilities"
"KT_ZH","https://maps.zh.ch/wfs/AwelOekomorphZHWFS?service=WFS&request=GetCapabilities"
"KT_ZH","https://maps.zh.ch/wfs/TBAInnerAusserortsZHWFS?service=WFS&request=GetCapabilities"
"KT_ZH","https://maps.zh.ch/wfs/TBA9ZHWFS?service=WFS&request=GetCapabilities"
"KT_ZH","https://maps.zh.ch/wfs/TBAAnlagenZHWFS?service=WFS&request=GetCapabilities"
"ST_ZH","https://www.ogc.stadt-zuerich.ch/mapproxy/wmts/1.0.0/WMTSCapabilities.xml"
"ST_ZH","https://www.ogc.stadt-zuerich.ch/mapproxy/service?SERVICE=WMS&REQUEST=GetCapabilities"
"KT_VD","https://www.ogc.vd.ch/public/services/OGC/wmsVD/Mapserver/WMSServer?SERVICE=WMS&REQUEST=GetCapabilities"
